{
  "T": 8,
  "gate": {
    "mismatches": 0,
    "checks": 8156,
    "random_reach_final_rate": 0.0
  },
  "play": {
    "fair_winrate": 0.5,
    "fair_ci": [
      0.47175501149539095,
      0.5282449885046091
    ],
    "instrument_winrate": 0.0,
    "instrument_ci": [
      0.0,
      0.00319111750250199
    ],
    "instrument_net": -1200.0,
    "n": 1200
  },
  "danger_curve": {
    "play_cost": 0.5,
    "rows": [
      {
        "T": 4,
        "eps": 0.00390625,
        "gate_miss_prob": 0.0003985017603622346,
        "danger": 0.0001992508801811173
      },
      {
        "T": 6,
        "eps": 0.000244140625,
        "gate_miss_prob": 0.6136436681408562,
        "danger": 0.3068218340704281
      },
      {
        "T": 8,
        "eps": 1.52587890625e-05,
        "gate_miss_prob": 0.969943156296531,
        "danger": 0.4849715781482655
      },
      {
        "T": 10,
        "eps": 9.5367431640625e-07,
        "gate_miss_prob": 0.9980944682928977,
        "danger": 0.49904723414644886
      }
    ]
  }
}