{
  "script": "continuous_patch2d.py",
  "params": {
    "k1": [
      2.0,
      3.0,
      4.0
    ],
    "k2": [
      6.0,
      7.0,
      8.0
    ],
    "rollouts": 600,
    "episodes": 20,
    "seed": 0
  },
  "rows": [
    {
      "k1": 2.0,
      "k2": 6.0,
      "r1": 0.245,
      "r1_ci": [
        0.21227945601688103,
        0.28096512998050643
      ],
      "r2": 0.01,
      "r2_ci": [
        0.004590859523391853,
        0.021643835138254512
      ],
      "j_truth": 17.98458178957501,
      "j_blind": 0.0015158225467836457,
      "j_random": 0.11347211999219906,
      "play_cost": 1.006264652812017,
      "blind_contact_rate": 1.0,
      "d40_p1": 1.3200496995861385e-05,
      "d40_p2": 0.6731626343781637,
      "d40_joint": 8.83075968931515e-06,
      "n_episodes": 20
    },
    {
      "k1": 2.0,
      "k2": 7.0,
      "r1": 0.245,
      "r1_ci": [
        0.21227945601688103,
        0.28096512998050643
      ],
      "r2": 0.008333333333333333,
      "r2_ci": [
        0.0035645513465728095,
        0.019358016426167593
      ],
      "j_truth": 18.017941056110693,
      "j_blind": 0.0015158225467836457,
      "j_random": 0.11347211999219906,
      "play_cost": 1.0062529806298566,
      "blind_contact_rate": 1.0,
      "d40_p1": 1.320034387649551e-05,
      "d40_p2": 0.7200054662710097,
      "d40_joint": 9.445258727864469e-06,
      "n_episodes": 20
    },
    {
      "k1": 2.0,
      "k2": 8.0,
      "r1": 0.245,
      "r1_ci": [
        0.21227945601688103,
        0.28096512998050643
      ],
      "r2": 0.006666666666666667,
      "r2_ci": [
        0.0025954592764893545,
        0.017014981607345086
      ],
      "j_truth": 18.0803876792603,
      "j_blind": 0.0015158225467836457,
      "j_random": 0.11347211999219906,
      "play_cost": 1.0062312474879789,
      "blind_contact_rate": 1.0,
      "d40_p1": 1.3200058774287789e-05,
      "d40_p2": 0.7700132068781641,
      "d40_joint": 1.0101276036839669e-05,
      "n_episodes": 20
    },
    {
      "k1": 3.0,
      "k2": 6.0,
      "r1": 0.14166666666666666,
      "r1_ci": [
        0.11603954271575753,
        0.17185317616946008
      ],
      "r2": 0.008333333333333333,
      "r2_ci": [
        0.0035645513465728095,
        0.019358016426167593
      ],
      "j_truth": 18.57431098798437,
      "j_blind": 0.0007733804586390643,
      "j_random": 0.10822413483238573,
      "play_cost": 1.005818815606589,
      "blind_contact_rate": 1.0,
      "d40_p1": 0.0022323326018247346,
      "d40_p2": 0.7196948076234988,
      "d40_joint": 0.0015973037663378842,
      "n_episodes": 20
    },
    {
      "k1": 3.0,
      "k2": 7.0,
      "r1": 0.14166666666666666,
      "r1_ci": [
        0.11603954271575753,
        0.17185317616946008
      ],
      "r2": 0.008333333333333333,
      "r2_ci": [
        0.0035645513465728095,
        0.019358016426167593
      ],
      "j_truth": 18.471475577254353,
      "j_blind": 0.0007733804586390643,
      "j_random": 0.10822413483238573,
      "play_cost": 1.0058514013550737,
      "blind_contact_rate": 1.0,
      "d40_p1": 0.0022324049232285187,
      "d40_p2": 0.7197181237452724,
      "d40_joint": 0.001597355514563286,
      "n_episodes": 20
    },
    {
      "k1": 3.0,
      "k2": 8.0,
      "r1": 0.14166666666666666,
      "r1_ci": [
        0.11603954271575753,
        0.17185317616946008
      ],
      "r2": 0.006666666666666667,
      "r2_ci": [
        0.0025954592764893545,
        0.017014981607345086
      ],
      "j_truth": 17.71553981713548,
      "j_blind": 0.0007733804586390643,
      "j_random": 0.10822413483238573,
      "play_cost": 1.0061026198605472,
      "blind_contact_rate": 1.0,
      "d40_p1": 0.002232962482155881,
      "d40_p2": 0.7699147752580577,
      "d40_joint": 0.0017087628773365174,
      "n_episodes": 20
    },
    {
      "k1": 4.0,
      "k2": 6.0,
      "r1": 0.08833333333333333,
      "r1_ci": [
        0.0681666063923606,
        0.11373805204786613
      ],
      "r2": 0.008333333333333333,
      "r2_ci": [
        0.0035645513465728095,
        0.019358016426167593
      ],
      "j_truth": 20.849431746906866,
      "j_blind": 0.0007280190919418809,
      "j_random": 0.10821455280143615,
      "play_cost": 1.0051822674003936,
      "blind_contact_rate": 1.0,
      "d40_p1": 0.02487069127286892,
      "d40_p2": 0.7192393374814686,
      "d40_joint": 0.01779575714170365,
      "n_episodes": 20
    },
    {
      "k1": 4.0,
      "k2": 7.0,
      "r1": 0.08833333333333333,
      "r1_ci": [
        0.0681666063923606,
        0.11373805204786613
      ],
      "r2": 0.01,
      "r2_ci": [
        0.004590859523391853,
        0.021643835138254512
      ],
      "j_truth": 19.519808438417137,
      "j_blind": 0.0007280190919418809,
      "j_random": 0.10821455280143615,
      "play_cost": 1.0055372337966098,
      "blind_contact_rate": 1.0,
      "d40_p1": 0.02487947401798774,
      "d40_p2": 0.6726760116002097,
      "d40_joint": 0.016643665486101935,
      "n_episodes": 20
    },
    {
      "k1": 4.0,
      "k2": 8.0,
      "r1": 0.085,
      "r1_ci": [
        0.0652399783825213,
        0.11004042627989352
      ],
      "r2": 0.008333333333333333,
      "r2_ci": [
        0.0035645513465728095,
        0.019358016426167593
      ],
      "j_truth": 19.079075775432784,
      "j_blind": 0.0007280190919418809,
      "j_random": 0.10821455280143615,
      "play_cost": 1.0056658752835779,
      "blind_contact_rate": 1.0,
      "d40_p1": 0.028793700060165326,
      "d40_p2": 0.7195853740409892,
      "d40_joint": 0.020602792574597007,
      "n_episodes": 20
    }
  ],
  "elapsed_s": 2865.8
}