{
  "script": "continuous_mitigation_ring.py",
  "params": {
    "episodes": 16,
    "seed": 0,
    "eps": 2.0
  },
  "rows": [
    {
      "cell": "gap0",
      "eps": 2.0,
      "j_truth": 17.279873284577587,
      "j_blind": 0.13570984885335383,
      "j_mitigated": 4.539329973720311,
      "j_random": 0.11902364398133755,
      "play_cost_blind": 0.9990276585820936,
      "play_cost_mitigated": 0.7424191446044631,
      "blind_contact_rate": 1.0,
      "mitigated_contact_rate": 1.0,
      "mean_violations": 1.0,
      "mean_first_contact_step": 25.25,
      "n_episodes": 16
    },
    {
      "cell": "gap0.6-hidden",
      "eps": 2.0,
      "j_truth": 17.279873284577587,
      "j_blind": 0.13570984885335383,
      "j_mitigated": 4.539329973720311,
      "j_random": 0.11902364398133755,
      "play_cost_blind": 0.9990276585820936,
      "play_cost_mitigated": 0.7424191446044631,
      "blind_contact_rate": 1.0,
      "mitigated_contact_rate": 1.0,
      "mean_violations": 1.0,
      "mean_first_contact_step": 25.25,
      "n_episodes": 16
    }
  ],
  "elapsed_s": 166.5
}