{
  "script": "continuous_patch2d.py",
  "params": {
    "k1": [
      3.0,
      5.0
    ],
    "k2": [
      7.0,
      9.0
    ],
    "rollouts": 600,
    "episodes": 20,
    "seed": 0,
    "patch_shape": "square"
  },
  "rows": [
    {
      "k1": 3.0,
      "k2": 7.0,
      "r1": 0.185,
      "r1_ci": [
        0.15596795658145413,
        0.21804006141531856
      ],
      "r2": 0.008333333333333333,
      "r2_ci": [
        0.0035645513465728095,
        0.019358016426167593
      ],
      "j_truth": 18.83003799955316,
      "j_blind": 0.0007859323940871245,
      "j_random": 0.10871287643469119,
      "play_cost": 1.0057649201288281,
      "blind_contact_rate": 1.0,
      "d40_p1": 0.0002810611594330676,
      "d40_p2": 0.7196562437242189,
      "d40_joint": 0.00020110804642944482,
      "n_episodes": 20
    },
    {
      "k1": 3.0,
      "k2": 9.0,
      "r1": 0.185,
      "r1_ci": [
        0.15596795658145413,
        0.21804006141531856
      ],
      "r2": 0.0033333333333333335,
      "r2_ci": [
        0.00091457753841235,
        0.012071609567610157
      ],
      "j_truth": 16.965930575796822,
      "j_blind": 0.0007859323940871245,
      "j_random": 0.10871287643469119,
      "play_cost": 1.0064024174075112,
      "blind_contact_rate": 1.0,
      "d40_p1": 0.0002812393081442586,
      "d40_p2": 0.8805804016157917,
      "d40_joint": 0.00024607832675300453,
      "n_episodes": 20
    },
    {
      "k1": 5.0,
      "k2": 7.0,
      "r1": 0.056666666666666664,
      "r1_ci": [
        0.040831409938461835,
        0.07814283761255156
      ],
      "r2": 0.005,
      "r2_ci": [
        0.0017018468527197168,
        0.014596467142208754
      ],
      "j_truth": 18.285839721494316,
      "j_blind": 0.001030072576377924,
      "j_random": 0.10821522249608115,
      "play_cost": 1.0058965432983618,
      "blind_contact_rate": 1.0,
      "d40_p1": 0.09753501338592233,
      "d40_p2": 0.8231453810482051,
      "d40_joint": 0.079814863957916,
      "n_episodes": 20
    },
    {
      "k1": 5.0,
      "k2": 9.0,
      "r1": 0.056666666666666664,
      "r1_ci": [
        0.040831409938461835,
        0.07814283761255156
      ],
      "r2": 0.005,
      "r2_ci": [
        0.0017018468527197168,
        0.014596467142208754
      ],
      "j_truth": 17.722736558298983,
      "j_blind": 0.001030072576377924,
      "j_random": 0.10821522249608115,
      "play_cost": 1.0060850447126168,
      "blind_contact_rate": 1.0,
      "d40_p1": 0.09755329109856099,
      "d40_p2": 0.8232996355483313,
      "d40_joint": 0.07982982097793449,
      "n_episodes": 20
    }
  ],
  "elapsed_s": 144.8
}