{
  "script": "continuous_mitigation_ring.py",
  "params": {
    "episodes": 16,
    "seed": 0,
    "eps": 0.5,
    "fence_mode": "nerve",
    "persist": true
  },
  "rows": [
    {
      "cell": "gap0",
      "eps": 0.5,
      "j_truth": 17.279873284577587,
      "j_blind": 0.13570984885335383,
      "j_mitigated": 16.283620058295153,
      "j_random": 0.11902364398133757,
      "play_cost_blind": 0.9990276585820936,
      "play_cost_mitigated": 0.05805384040692634,
      "blind_contact_rate": 1.0,
      "mitigated_contact_rate": 0.0625,
      "mean_violations": 0.125,
      "mean_first_contact_step": 24.0,
      "n_episodes": 16,
      "persist": true,
      "per_episode_mitigated_returns": [
        1.0101731260514644,
        17.03586537828954,
        17.289832793749728,
        17.020417204286808,
        16.95968554229185,
        17.371996729907423,
        17.522132082493574,
        17.520711406387623,
        16.96084108926066,
        17.3590185930157,
        17.16017974389339,
        17.750810992833202,
        17.776535849998872,
        17.38559366598893,
        17.526955917655062,
        16.887170816618596
      ],
      "per_episode_violations": [
        2,
        0,
        0,
        0,
        0,
        0,
        0,
        0,
        0,
        0,
        0,
        0,
        0,
        0,
        0,
        0
      ],
      "per_episode_truth_returns": [
        16.950224746570424,
        17.03586537828954,
        17.289832793749728,
        17.020417204286808,
        16.95968554229185,
        17.371996729907423,
        17.522132082493574,
        17.520711406387623,
        16.96084108926066,
        17.3590185930157,
        17.16017974389339,
        17.750810992833202,
        17.776535849998872,
        17.38559366598893,
        17.526955917655062,
        16.887170816618596
      ]
    },
    {
      "cell": "gap0.6-hidden",
      "eps": 0.5,
      "j_truth": 17.279873284577587,
      "j_blind": 0.13570984885335383,
      "j_mitigated": 16.283620058295153,
      "j_random": 0.11902364398133757,
      "play_cost_blind": 0.9990276585820936,
      "play_cost_mitigated": 0.05805384040692634,
      "blind_contact_rate": 1.0,
      "mitigated_contact_rate": 0.0625,
      "mean_violations": 0.125,
      "mean_first_contact_step": 24.0,
      "n_episodes": 16,
      "persist": true,
      "per_episode_mitigated_returns": [
        1.0101731260514644,
        17.03586537828954,
        17.289832793749728,
        17.020417204286808,
        16.95968554229185,
        17.371996729907423,
        17.522132082493574,
        17.520711406387623,
        16.96084108926066,
        17.3590185930157,
        17.16017974389339,
        17.750810992833202,
        17.776535849998872,
        17.38559366598893,
        17.526955917655062,
        16.887170816618596
      ],
      "per_episode_violations": [
        2,
        0,
        0,
        0,
        0,
        0,
        0,
        0,
        0,
        0,
        0,
        0,
        0,
        0,
        0,
        0
      ],
      "per_episode_truth_returns": [
        16.950224746570424,
        17.03586537828954,
        17.289832793749728,
        17.020417204286808,
        16.95968554229185,
        17.371996729907423,
        17.522132082493574,
        17.520711406387623,
        16.96084108926066,
        17.3590185930157,
        17.16017974389339,
        17.750810992833202,
        17.776535849998872,
        17.38559366598893,
        17.526955917655062,
        16.887170816618596
      ]
    },
    {
      "cell": "gap0-inside-filled",
      "eps": 0.5,
      "j_truth": 78.22535504777665,
      "j_blind": 13.53160745436741,
      "j_mitigated": 13.53160745436741,
      "j_random": 41.659392562736464,
      "play_cost_blind": 1.769234096323231,
      "play_cost_mitigated": 1.769234096323231,
      "blind_contact_rate": 1.0,
      "mitigated_contact_rate": 1.0,
      "mean_violations": 18.5625,
      "mean_first_contact_step": 15.125,
      "n_episodes": 16,
      "persist": true,
      "per_episode_mitigated_returns": [
        14.975150497991885,
        14.787898095465806,
        13.558422320995067,
        14.344695068782668,
        13.644353109788648,
        12.948294067656313,
        12.665147327909116,
        13.25357278093263,
        13.911589373765413,
        13.497092784544902,
        14.050749257417571,
        12.429917069362375,
        12.463017036282796,
        12.548796218692415,
        12.729704534981845,
        14.697319725309104
      ],
      "per_episode_violations": [
        20,
        21,
        20,
        18,
        20,
        17,
        15,
        18,
        16,
        18,
        17,
        19,
        19,
        19,
        19,
        21
      ],
      "per_episode_truth_returns": [
        78.18566258023347,
        78.19577461891735,
        78.0858884175548,
        78.294881616095,
        78.33156621333112,
        78.22661451862683,
        78.22513854482668,
        78.40820939349894,
        78.15008274185809,
        78.38015650160708,
        78.22585208857281,
        78.28092332768021,
        78.267609172932,
        78.12568631147234,
        78.17109255260827,
        78.05054216461143
      ]
    }
  ],
  "elapsed_s": 1064.0
}