{
  "script": "continuous_ring2d_mechanism.py",
  "params": {
    "gaps": [
      0.0,
      0.6,
      1.2
    ],
    "rollouts": 400,
    "episodes": 16,
    "seed": 0
  },
  "rows": [
    {
      "gap": 0.0,
      "channel": "facing",
      "start": "outside",
      "r": 0.045,
      "r_ci": [
        0.028651223384090457,
        0.07000527956161895
      ],
      "r_interior": 0.0,
      "disagree_fill": 0.0,
      "disagree_transitions": 0,
      "transitions": 32000,
      "j_truth": 17.279873284577587,
      "j_blind": 0.13570984885335383,
      "j_filled": 17.279873284577587,
      "j_random": 0.11902364398133755,
      "play_cost_blind": 0.9990276585820936,
      "play_cost_filled": 0.0,
      "blind_contact_rate": 1.0,
      "filled_contact_rate": 0.0,
      "n_episodes": 16,
      "rollouts": 400
    },
    {
      "gap": 0.0,
      "channel": "facing",
      "start": "inside",
      "r": 0.7325,
      "r_ci": [
        0.6870582978814362,
        0.7735183242397125
      ],
      "r_interior": 1.0,
      "disagree_fill": 0.9685,
      "disagree_transitions": 30992,
      "transitions": 32000,
      "j_truth": 78.22535504777665,
      "j_blind": 78.21981889154415,
      "j_filled": 13.53160745436741,
      "j_random": 41.659392562736464,
      "play_cost_blind": 0.00015140190100998023,
      "play_cost_filled": 1.769234096323231,
      "blind_contact_rate": 0.0,
      "filled_contact_rate": 1.0,
      "n_episodes": 16,
      "rollouts": 400
    },
    {
      "gap": 0.6,
      "channel": "facing",
      "start": "outside",
      "r": 0.035,
      "r_ci": [
        0.0209610999014911,
        0.05788565585621193
      ],
      "r_interior": 0.0075,
      "disagree_fill": 0.00084375,
      "disagree_transitions": 27,
      "transitions": 32000,
      "j_truth": 42.32174322519206,
      "j_blind": 41.38531249505139,
      "j_filled": 27.85730089989146,
      "j_random": 0.11902364398133755,
      "play_cost_blind": 0.02218887169910216,
      "play_cost_filled": 0.34273720909067634,
      "blind_contact_rate": 0.0,
      "filled_contact_rate": 1.0,
      "n_episodes": 16,
      "rollouts": 400
    },
    {
      "gap": 0.6,
      "channel": "facing",
      "start": "inside",
      "r": 0.6875,
      "r_ci": [
        0.6404735607938833,
        0.7309591989812364
      ],
      "r_interior": 1.0,
      "disagree_fill": 0.86296875,
      "disagree_transitions": 27615,
      "transitions": 32000,
      "j_truth": 78.22535504777665,
      "j_blind": 78.21981889154415,
      "j_filled": 53.948291550329685,
      "j_random": 41.609926682236406,
      "play_cost_blind": 0.00015119736350551423,
      "play_cost_filled": 0.6630282528742653,
      "blind_contact_rate": 0.0,
      "filled_contact_rate": 0.4375,
      "n_episodes": 16,
      "rollouts": 400
    },
    {
      "gap": 0.6,
      "channel": "hidden",
      "start": "outside",
      "r": 0.045,
      "r_ci": [
        0.028651223384090457,
        0.07000527956161895
      ],
      "r_interior": 0.0,
      "disagree_fill": 0.0,
      "disagree_transitions": 0,
      "transitions": 32000,
      "j_truth": 17.279873284577587,
      "j_blind": 0.13570984885335383,
      "j_filled": 17.279873284577587,
      "j_random": 0.11902364398133755,
      "play_cost_blind": 0.9990276585820936,
      "play_cost_filled": 0.0,
      "blind_contact_rate": 1.0,
      "filled_contact_rate": 0.0,
      "n_episodes": 16,
      "rollouts": 400
    },
    {
      "gap": 0.6,
      "channel": "hidden",
      "start": "inside",
      "r": 0.67,
      "r_ci": [
        0.6224932007707696,
        0.7142725014253389
      ],
      "r_interior": 1.0,
      "disagree_fill": 0.85409375,
      "disagree_transitions": 27331,
      "transitions": 32000,
      "j_truth": 78.22535504777665,
      "j_blind": 78.21981889154415,
      "j_filled": 13.53160745436741,
      "j_random": 41.65178922978446,
      "play_cost_blind": 0.00015137042584377212,
      "play_cost_filled": 1.7688662876175847,
      "blind_contact_rate": 0.0,
      "filled_contact_rate": 1.0,
      "n_episodes": 16,
      "rollouts": 400
    },
    {
      "gap": 1.2,
      "channel": "facing",
      "start": "outside",
      "r": 0.0175,
      "r_ci": [
        0.008502182660789141,
        0.03567751551790271
      ],
      "r_interior": 0.0125,
      "disagree_fill": 0.000625,
      "disagree_transitions": 20,
      "transitions": 32000,
      "j_truth": 41.6958872863044,
      "j_blind": 41.38531249505139,
      "j_filled": 32.54594550621366,
      "j_random": 0.11902364398133755,
      "play_cost_blind": 0.007469894649216921,
      "play_cost_filled": 0.2200729198528716,
      "blind_contact_rate": 0.0,
      "filled_contact_rate": 0.9375,
      "n_episodes": 16,
      "rollouts": 400
    },
    {
      "gap": 1.2,
      "channel": "facing",
      "start": "inside",
      "r": 0.61,
      "r_ci": [
        0.5613705019046327,
        0.6565367171634375
      ],
      "r_interior": 1.0,
      "disagree_fill": 0.7740625,
      "disagree_transitions": 24770,
      "transitions": 32000,
      "j_truth": 78.22385709595756,
      "j_blind": 78.21981889154415,
      "j_filled": 65.3766163469973,
      "j_random": 41.609509706141004,
      "play_cost_blind": 0.000110290219580098,
      "play_cost_filled": 0.3508799600381087,
      "blind_contact_rate": 0.0,
      "filled_contact_rate": 0.0625,
      "n_episodes": 16,
      "rollouts": 400
    },
    {
      "gap": 1.2,
      "channel": "hidden",
      "start": "outside",
      "r": 0.045,
      "r_ci": [
        0.028651223384090457,
        0.07000527956161895
      ],
      "r_interior": 0.0,
      "disagree_fill": 0.0,
      "disagree_transitions": 0,
      "transitions": 32000,
      "j_truth": 17.279873284577587,
      "j_blind": 0.13570984885335383,
      "j_filled": 17.279873284577587,
      "j_random": 0.11902364398133755,
      "play_cost_blind": 0.9990276585820936,
      "play_cost_filled": 0.0,
      "blind_contact_rate": 1.0,
      "filled_contact_rate": 0.0,
      "n_episodes": 16,
      "rollouts": 400
    },
    {
      "gap": 1.2,
      "channel": "hidden",
      "start": "inside",
      "r": 0.5975,
      "r_ci": [
        0.5487332989658665,
        0.6444117361171958
      ],
      "r_interior": 1.0,
      "disagree_fill": 0.7575,
      "disagree_transitions": 24240,
      "transitions": 32000,
      "j_truth": 78.22535504777665,
      "j_blind": 78.21981889154415,
      "j_filled": 13.612836364019556,
      "j_random": 41.11428457821431,
      "play_cost_blind": 0.00014917802592181583,
      "play_cost_filled": 1.7410577993634224,
      "blind_contact_rate": 0.0,
      "filled_contact_rate": 1.0,
      "n_episodes": 16,
      "rollouts": 400
    }
  ],
  "elapsed_s": 748.1
}