{
  "sims": 600,
  "n_per_seed": 120,
  "seeds": [
    0,
    1,
    2,
    3,
    4,
    5,
    6,
    7,
    8,
    9,
    10,
    11,
    12,
    13,
    14,
    15,
    16,
    17,
    18,
    19
  ],
  "fair": {
    "label": "truth-vs-truth (fair baseline)",
    "n": 2400,
    "W": 780,
    "D": 815,
    "L": 805,
    "winrate": 0.4947916666666667,
    "wilson95": [
      0.4748128974472202,
      0.5147870828509826
    ],
    "per_seed": [
      0.4791666666666667,
      0.5291666666666667,
      0.4708333333333333,
      0.5291666666666667,
      0.525,
      0.4666666666666667,
      0.525,
      0.4791666666666667,
      0.45,
      0.5208333333333334,
      0.5291666666666667,
      0.5333333333333333,
      0.44583333333333336,
      0.4666666666666667,
      0.5166666666666667,
      0.5416666666666666,
      0.42916666666666664,
      0.4666666666666667,
      0.475,
      0.5166666666666667
    ]
  },
  "blind": {
    "label": "rule-blind vs truth (play cost)",
    "n": 2400,
    "W": 725,
    "D": 488,
    "L": 1187,
    "winrate": 0.40375,
    "wilson95": [
      0.38428887878594603,
      0.4235187571248395
    ],
    "per_seed": [
      0.38333333333333336,
      0.38333333333333336,
      0.3625,
      0.4166666666666667,
      0.3333333333333333,
      0.4666666666666667,
      0.3458333333333333,
      0.4666666666666667,
      0.3416666666666667,
      0.425,
      0.45,
      0.39166666666666666,
      0.44583333333333336,
      0.37916666666666665,
      0.4083333333333333,
      0.45416666666666666,
      0.4041666666666667,
      0.425,
      0.4083333333333333,
      0.38333333333333336
    ]
  },
  "pooled_separated": true,
  "play_cost_pooled": 0.09104166666666669,
  "play_cost_by_seed": {
    "diffs": [
      0.09583333333333333,
      0.14583333333333331,
      0.10833333333333334,
      0.11249999999999999,
      0.1916666666666667,
      0.0,
      0.1791666666666667,
      0.012500000000000011,
      0.10833333333333334,
      0.09583333333333338,
      0.07916666666666666,
      0.14166666666666666,
      0.0,
      0.08750000000000002,
      0.10833333333333339,
      0.08749999999999997,
      0.024999999999999967,
      0.041666666666666685,
      0.06666666666666665,
      0.13333333333333336
    ],
    "mean": 0.09104166666666667,
    "sd": 0.054750146866208,
    "se": 0.012242505017093817,
    "t95": [
      0.06541810366588932,
      0.11666522966744403
    ],
    "excludes_zero": true
  }
}